time,ecg_value
0.0,496
0.001,496
0.002,497
0.003,498
0.004,498
0.005,499
0.006,499
0.007,499
0.008,499
0.009,500
0.01,500
0.011,499
0.012,499
0.013,499
0.014,499
0.015,499
0.016,499
0.017,500
0.018,500
0.019,499
0.02,499
0.021,499
0.022,499
0.023,499
0.024,499
0.025,499
0.026,500
0.027,499
0.028,499
0.029,499
0.03,499
0.031,499
0.032,499
0.033,499
0.034,500
0.035,501
0.036,502
0.037,502
0.038,502
0.039,501
0.04,502
0.041,502
0.042,502
0.043,503
0.044,504
0.045,504
0.046,505
0.047,505
0.048,506
0.049,506
0.05,506
0.051,507
0.052,507
0.053,508
0.054,508
0.055,508
0.056,509
0.057,510
0.058,511
0.059,511
0.06,511
0.061,511
0.062,512
0.063,513
0.064,514
0.065,515
0.066,514
0.067,515
0.068,515
0.069,515
0.07,515
0.071,515
0.072,515
0.073,516
0.074,516
0.075,517
0.076,517
0.077,517
0.078,518
0.079,518
0.08,518
0.081,518
0.082,519
0.083,519
0.084,520
0.085,520
0.086,520
0.087,520
0.088,520
0.089,520
0.09,519
0.091,519
0.092,520
0.093,521
0.094,521
0.095,522
0.096,523
0.097,523
0.098,523
0.099,523
0.1,524
0.101,524
0.102,524
0.103,524
0.104,524
0.105,524
0.106,525
0.107,526
0.108,527
0.109,527
0.11,527
0.111,528
0.112,528
0.113,529
0.114,530
0.115,529
0.116,530
0.117,531
0.118,531
0.119,531
0.12,531
0.121,532
0.122,533
0.123,534
0.124,535
0.125,535
0.126,536
0.127,536
0.128,536
0.129,536
0.13,536
0.131,536
0.132,536
0.133,537
0.134,536
0.135,536
0.136,536
0.137,536
0.138,536
0.139,536
0.14,536
0.141,537
0.142,539
0.143,539
0.144,539
0.145,539
0.146,539
0.147,539
0.148,539
0.149,539
0.15,538
0.151,538
0.152,538
0.153,538
0.154,538
0.155,538
0.156,537
0.157,537
0.158,537
0.159,537
0.16,535
0.161,534
0.162,533
0.163,532
0.164,532
0.165,531
0.166,531
0.167,529
0.168,528
0.169,526
0.17,525
0.171,524
0.172,523
0.173,521
0.174,519
0.175,518
0.176,516
0.177,514
0.178,512
0.179,510
0.18,508
0.181,506
0.182,504
0.183,503
0.184,502
0.185,500
0.186,498
0.187,497
0.188,495
0.189,494
0.19,492
0.191,491
0.192,489
0.193,487
0.194,487
0.195,485
0.196,483
0.197,482
0.198,481
0.199,480
0.2,479
0.201,478
0.202,478
0.203,477
0.204,477
0.205,476
0.206,476
0.207,476
0.208,475
0.209,475
0.21,474
0.211,473
0.212,473
0.213,473
0.214,472
0.215,473
0.216,472
0.217,472
0.218,472
0.219,471
0.22,471
0.221,471
0.222,470
0.223,470
0.224,470
0.225,470
0.226,471
0.227,471
0.228,471
0.229,471
0.23,471
0.231,471
0.232,471
0.233,472
0.234,472
0.235,473
0.236,473
0.237,474
0.238,475
0.239,475
0.24,475
0.241,475
0.242,476
0.243,475
0.244,476
0.245,476
0.246,476
0.247,477
0.248,478
0.249,478
0.25,477
0.251,477
0.252,478
0.253,478
0.254,478
0.255,479
0.256,479
0.257,480
0.258,480
0.259,480
0.26,480
0.261,480
0.262,480
0.263,480
0.264,481
0.265,482
0.266,482
0.267,483
0.268,483
0.269,484
0.27,485
0.271,487
0.272,487
0.273,488
0.274,488
0.275,488
0.276,489
0.277,489
0.278,489
0.279,489
0.28,490
0.281,491
0.282,491
0.283,491
0.284,491
0.285,491
0.286,492
0.287,492
0.288,493
0.289,494
0.29,495
0.291,496
0.292,496
0.293,497
0.294,497
0.295,497
0.296,498
0.297,499
0.298,500
0.299,500
0.3,501
0.301,501
0.302,501
0.303,502
0.304,502
0.305,502
0.306,501
0.307,502
0.308,502
0.309,501
0.31,501
0.311,501
0.312,502
0.313,500
0.314,501
0.315,502
0.316,501
0.317,501
0.318,500
0.319,500
0.32,500
0.321,500
0.322,501
0.323,501
0.324,502
0.325,501
0.326,501
0.327,502
0.328,502
0.329,502
0.33,502
0.331,503
0.332,503
0.333,503
0.334,503
0.335,504
0.336,504
0.337,505
0.338,505
0.339,506
0.34,506
0.341,505
0.342,505
0.343,506
0.344,507
0.345,507
0.346,507
0.347,507
0.348,507
0.349,508
0.35,508
0.351,508
0.352,508
0.353,508
0.354,508
0.355,508
0.356,507
0.357,507
0.358,507
0.359,507
0.36,506
0.361,506
0.362,506
0.363,506
0.364,507
0.365,507
0.366,508
0.367,507
0.368,507
0.369,507
0.37,508
0.371,508
0.372,507
0.373,507
0.374,507
0.375,507
0.376,507
0.377,507
0.378,507
0.379,507
0.38,507
0.381,508
0.382,508
0.383,508
0.384,509
0.385,509
0.386,510
0.387,510
0.388,510
0.389,509
0.39,509
0.391,510
0.392,510
0.393,509
0.394,509
0.395,509
0.396,508
0.397,508
0.398,508
0.399,508
0.4,508
0.401,507
0.402,507
0.403,507
0.404,507
0.405,507
0.406,508
0.407,508
0.408,507
0.409,507
0.41,507
0.411,507
0.412,507
0.413,507
0.414,507
0.415,508
0.416,508
0.417,508
0.418,509
0.419,508
0.42,508
0.421,508
0.422,509
0.423,509
0.424,510
0.425,510
0.426,511
0.427,511
0.428,512
0.429,511
0.43,510
0.431,511
0.432,512
0.433,511
0.434,511
0.435,511
0.436,511
0.437,511
0.438,511
0.439,510
0.44,509
0.441,510
0.442,510
0.443,510
0.444,510
0.445,510
0.446,510
0.447,510
0.448,510
0.449,510
0.45,510
0.451,510
0.452,510
0.453,510
0.454,511
0.455,511
0.456,511
0.457,511
0.458,511
0.459,511
0.46,511
0.461,511
0.462,511
0.463,512
0.464,512
0.465,513
0.466,514
0.467,514
0.468,514
0.469,514
0.47,515
0.471,515
0.472,515
0.473,515
0.474,515
0.475,516
0.476,516
0.477,517
0.478,516
0.479,517
0.48,517
0.481,518
0.482,518
0.483,519
0.484,520
0.485,520
0.486,520
0.487,520
0.488,521
0.489,523
0.49,523
0.491,525
0.492,525
0.493,525
0.494,525
0.495,525
0.496,524
0.497,524
0.498,523
0.499,523
0.5,523
0.501,523
0.502,523
0.503,524
0.504,524
0.505,525
0.506,525
0.507,526
0.508,527
0.509,527
0.51,527
0.511,528
0.512,529
0.513,530
0.514,531
0.515,532
0.516,532
0.517,533
0.518,533
0.519,533
0.52,532
0.521,531
0.522,531
0.523,531
0.524,530
0.525,529
0.526,528
0.527,527
0.528,526
0.529,525
0.53,523
0.531,523
0.532,523
0.533,522
0.534,522
0.535,521
0.536,522
0.537,522
0.538,521
0.539,521
0.54,521
0.541,520
0.542,519
0.543,518
0.544,518
0.545,517
0.546,516
0.547,515
0.548,514
0.549,513
0.55,512
0.551,512
0.552,511
0.553,510
0.554,509
0.555,508
0.556,507
0.557,505
0.558,504
0.559,503
0.56,503
0.561,501
0.562,500
0.563,500
0.564,500
0.565,500
0.566,500
0.567,499
0.568,499
0.569,499
0.57,498
0.571,498
0.572,499
0.573,499
0.574,499
0.575,500
0.576,500
0.577,501
0.578,501
0.579,501
0.58,502
0.581,501
0.582,501
0.583,501
0.584,501
0.585,501
0.586,502
0.587,502
0.588,502
0.589,502
0.59,502
0.591,502
0.592,503
0.593,503
0.594,504
0.595,504
0.596,504
0.597,505
0.598,505
0.599,505
0.6,505
0.601,505
0.602,505
0.603,505
0.604,505
0.605,505
0.606,506
0.607,506
0.608,505
0.609,506
0.61,506
0.611,507
0.612,507
0.613,507
0.614,506
0.615,505
0.616,505
0.617,505
0.618,506
0.619,506
0.62,506
0.621,507
0.622,507
0.623,507
0.624,508
0.625,508
0.626,508
0.627,508
0.628,508
0.629,508
0.63,509
0.631,509
0.632,509
0.633,509
0.634,510
0.635,509
0.636,509
0.637,508
0.638,507
0.639,506
0.64,505
0.641,505
0.642,504
0.643,504
0.644,505
0.645,507
0.646,511
0.647,514
0.648,518
0.649,522
0.65,527
0.651,532
0.652,537
0.653,543
0.654,550
0.655,557
0.656,566
0.657,577
0.658,588
0.659,601
0.66,612
0.661,624
0.662,635
0.663,644
0.664,654
0.665,662
0.666,671
0.667,677
0.668,682
0.669,684
0.67,683
0.671,683
0.672,679
0.673,674
0.674,664
0.675,653
0.676,638
0.677,623
0.678,608
0.679,593
0.68,577
0.681,562
0.682,548
0.683,534
0.684,519
0.685,506
0.686,493
0.687,479
0.688,466
0.689,455
0.69,444
0.691,436
0.692,431
0.693,428
0.694,426
0.695,426
0.696,428
0.697,430
0.698,432
0.699,435
0.7,438
0.701,441
0.702,444
0.703,448
0.704,452
0.705,456
0.706,462
0.707,466
0.708,470
0.709,473
0.71,476
0.711,479
0.712,481
0.713,484
0.714,485
0.715,487
0.716,489
0.717,490
0.718,492
0.719,493
0.72,494
0.721,495
0.722,496
0.723,496
0.724,497
0.725,498
0.726,499
0.727,499
0.728,500
0.729,501
0.73,502
0.731,503
0.732,503
0.733,503
0.734,504
0.735,504
0.736,504
0.737,504
0.738,504
0.739,504
0.74,504
0.741,505
0.742,505
0.743,505
0.744,506
0.745,507
0.746,507
0.747,507
0.748,507
0.749,507
0.75,507
0.751,507
0.752,507
0.753,507
0.754,508
0.755,508
0.756,509
0.757,510
0.758,510
0.759,511
0.76,511
0.761,510
0.762,510
0.763,510
0.764,511
0.765,511
0.766,511
0.767,511
0.768,511
0.769,512
0.77,512
0.771,512
0.772,513
0.773,513
0.774,514
0.775,515
0.776,515
0.777,515
0.778,515
0.779,515
0.78,515
0.781,516
0.782,517
0.783,517
0.784,518
0.785,518
0.786,519
0.787,519
0.788,519
0.789,519
0.79,519
0.791,519
0.792,519
0.793,520
0.794,520
0.795,520
0.796,520
0.797,520
0.798,521
0.799,521
0.8,521
0.801,521
0.802,521
0.803,522
0.804,522
0.805,523
0.806,523
0.807,523
0.808,523
0.809,523
0.81,524
0.811,524
0.812,524
0.813,524
0.814,524
0.815,524
0.816,524
0.817,525
0.818,525
0.819,526
0.82,526
0.821,527
0.822,528
0.823,528
0.824,529
0.825,529
0.826,529
0.827,529
0.828,529
0.829,529
0.83,528
0.831,529
0.832,529
0.833,529
0.834,530
0.835,531
0.836,531
0.837,531
0.838,531
0.839,531
0.84,531
0.841,531
0.842,532
0.843,532
0.844,533
0.845,534
0.846,534
0.847,535
0.848,535
0.849,536
0.85,536
0.851,537
0.852,537
0.853,538
0.854,539
0.855,539
0.856,539
0.857,540
0.858,540
0.859,540
0.86,540
0.861,541
0.862,541
0.863,541
0.864,542
0.865,542
0.866,542
0.867,542
0.868,542
0.869,541
0.87,542
0.871,542
0.872,542
0.873,542
0.874,542
0.875,541
0.876,542
0.877,541
0.878,541
0.879,541
0.88,541
0.881,540
0.882,540
0.883,540
0.884,540
0.885,540
0.886,540
0.887,540
0.888,540
0.889,540
0.89,540
0.891,540
0.892,540
0.893,539
0.894,539
0.895,539
0.896,538
0.897,538
0.898,537
0.899,536
0.9,535
0.901,534
0.902,533
0.903,532
0.904,531
0.905,529
0.906,528
0.907,527
0.908,525
0.909,523
0.91,521
0.911,519
0.912,516
0.913,514
0.914,512
0.915,511
0.916,510
0.917,508
0.918,506
0.919,504
0.92,502
0.921,500
0.922,498
0.923,496
0.924,495
0.925,493
0.926,491
0.927,489
0.928,488
0.929,487
0.93,486
0.931,484
0.932,483
0.933,482
0.934,481
0.935,480
0.936,480
0.937,480
0.938,479
0.939,478
0.94,476
0.941,476
0.942,476
0.943,475
0.944,475
0.945,473
0.946,473
0.947,473
0.948,472
0.949,472
0.95,472
0.951,472
0.952,472
0.953,472
0.954,471
0.955,471
0.956,471
0.957,471
0.958,470
0.959,470
0.96,469
0.961,470
0.962,470
0.963,470
0.964,471
0.965,471
0.966,472
0.967,472
0.968,473
0.969,474
0.97,474
0.971,474
0.972,475
0.973,476
0.974,477
0.975,478
0.976,479
0.977,480
0.978,480
0.979,480
0.98,480
0.981,480
0.982,481
0.983,482
0.984,482
0.985,483
0.986,483
0.987,484
0.988,484
0.989,484
0.99,484
0.991,484
0.992,484
0.993,484
0.994,485
0.995,486
0.996,486
0.997,487
0.998,487
0.999,487
1.0,486
1.001,487
1.002,487
1.003,488
1.004,488
1.005,489
1.006,490
1.007,490
1.008,490
1.009,490
1.01,489
1.011,489
1.012,489
1.013,489
1.014,490
1.015,490
1.016,491
1.017,492
1.018,492
1.019,492
1.02,492
1.021,492
1.022,494
1.023,494
1.024,495
1.025,496
1.026,495
1.027,496
1.028,497
1.029,496
1.03,497
1.031,497
1.032,498
1.033,498
1.034,499
1.035,499
1.036,500
1.037,500
1.038,500
1.039,499
1.04,500
1.041,499
1.042,499
1.043,499
1.044,499
1.045,498
1.046,498
1.047,498
1.048,498
1.049,497
1.05,497
1.051,497
1.052,497
1.053,497
1.054,497
1.055,498
1.056,498
1.057,499
1.058,499
1.059,499
1.06,499
1.061,499
1.062,500
1.063,501
1.064,501
1.065,501
1.066,501
1.067,501
1.068,501
1.069,501
1.07,501
1.071,502
1.072,502
1.073,502
1.074,503
1.075,504
1.076,504
1.077,504
1.078,505
1.079,505
1.08,505
1.081,505
1.082,505
1.083,505
1.084,506
1.085,506
1.086,507
1.087,507
1.088,507
1.089,507
1.09,506
1.091,506
1.092,507
1.093,507
1.094,508
1.095,508
1.096,508
1.097,508
1.098,508
1.099,508
1.1,508
1.101,508
1.102,509
1.103,510
1.104,510
1.105,511
1.106,511
1.107,511
1.108,510
1.109,510
1.11,509
1.111,509
1.112,509
1.113,508
1.114,509
1.115,509
1.116,509
1.117,509
1.118,509
1.119,508
1.12,508
1.121,509
1.122,509
1.123,509
1.124,509
1.125,510
1.126,510
1.127,510
1.128,510
1.129,510
1.13,509
1.131,509
1.132,509
1.133,509
1.134,509
1.135,509
1.136,509
1.137,509
1.138,509
1.139,508
1.14,508
1.141,508
1.142,509
1.143,509
1.144,509
1.145,508
1.146,508
1.147,508
1.148,507
1.149,507
1.15,506
1.151,507
1.152,507
1.153,507
1.154,508
1.155,508
1.156,509
1.157,509
1.158,510
1.159,510
1.16,510
1.161,511
1.162,511
1.163,511
1.164,511
1.165,511
1.166,511
1.167,512
1.168,512
1.169,512
1.17,512
1.171,512
1.172,512
1.173,512
1.174,512
1.175,512
1.176,512
1.177,512
1.178,512
1.179,512
1.18,512
1.181,512
1.182,512
1.183,512
1.184,512
1.185,513
1.186,513
1.187,513
1.188,513
1.189,513
1.19,513
1.191,513
1.192,513
1.193,513
1.194,513
1.195,512
1.196,512
1.197,512
1.198,512
1.199,512
1.2,512
1.201,511
1.202,511
1.203,511
1.204,511
1.205,512
1.206,512
1.207,512
1.208,512
1.209,512
1.21,512
1.211,513
1.212,513
1.213,513
1.214,513
1.215,514
1.216,514
1.217,514
1.218,514
1.219,513
1.22,512
1.221,512
1.222,511
1.223,510
1.224,510
1.225,510
1.226,511
1.227,511
1.228,511
1.229,511
1.23,511
1.231,512
1.232,511
1.233,512
1.234,513
1.235,512
1.236,513
1.237,514
1.238,515
1.239,514
1.24,515
1.241,516
1.242,516
1.243,518
1.244,519
1.245,520
1.246,520
1.247,520
1.248,521
1.249,521
1.25,520
1.251,519
1.252,519
1.253,519
1.254,520
1.255,521
1.256,521
1.257,521
1.258,522
1.259,522
1.26,522
1.261,522
1.262,523
1.263,523
1.264,524
1.265,524
1.266,525
1.267,526
1.268,527
1.269,527
1.27,528
1.271,528
1.272,529
1.273,528
1.274,528
1.275,527
1.276,527
1.277,527
1.278,527
1.279,525
1.28,524
1.281,524
1.282,522
1.283,521
1.284,522
1.285,522
1.286,522
1.287,523
1.288,522
1.289,523
1.29,522
1.291,522
1.292,522
1.293,522
1.294,521
1.295,520
1.296,519
1.297,518
1.298,518
1.299,516
1.3,515
1.301,514
1.302,513
1.303,512
1.304,512
1.305,511
1.306,510
1.307,508
1.308,507
1.309,505
1.31,504
1.311,503
1.312,503
1.313,502
1.314,502
1.315,500
1.316,500
1.317,499
1.318,498
1.319,498
1.32,497
1.321,497
1.322,497
1.323,497
1.324,497
1.325,497
1.326,498
1.327,498
1.328,498
1.329,498
1.33,497
1.331,497
1.332,497
1.333,497
1.334,497
1.335,497
1.336,497
1.337,497
1.338,498
1.339,498
1.34,498
1.341,499
1.342,499
1.343,499
1.344,500
1.345,500
1.346,500
1.347,500
1.348,499
1.349,499
1.35,499
1.351,500
1.352,500
1.353,500
1.354,500
1.355,501
1.356,501
1.357,502
1.358,502
1.359,502
1.36,502
1.361,502
1.362,502
1.363,503
1.364,504
1.365,504
1.366,503
1.367,504
1.368,504
1.369,504
1.37,504
1.371,504
1.372,504
1.373,504
1.374,504
1.375,504
1.376,504
1.377,504
1.378,504
1.379,503
1.38,503
1.381,503
1.382,503
1.383,503
1.384,504
1.385,504
1.386,504
1.387,505
1.388,504
1.389,504
1.39,504
1.391,503
1.392,503
1.393,503
1.394,502
1.395,502
1.396,501
1.397,501
1.398,503
1.399,505
1.4,508
1.401,512
1.402,516
1.403,520
1.404,524
1.405,529
1.406,535
1.407,541
1.408,548
1.409,556
1.41,567
1.411,578
1.412,590
1.413,602
1.414,613
1.415,623
1.416,633
1.417,643
1.418,652
1.419,659
1.42,666
1.421,671
1.422,674
1.423,675
1.424,675
1.425,673
1.426,668
1.427,659
1.428,647
1.429,633
1.43,618
1.431,604
1.432,589
1.433,575
1.434,560
1.435,546
1.436,532
1.437,518
1.438,504
1.439,491
1.44,477
1.441,464
1.442,453
1.443,443
1.444,434
1.445,428
1.446,423
1.447,422
1.448,422
1.449,423
1.45,425
1.451,427
1.452,429
1.453,433
1.454,437
1.455,440
1.456,444
1.457,448
1.458,452
1.459,456
1.46,460
1.461,464
1.462,467
1.463,471
1.464,473
1.465,475
1.466,476
1.467,478
1.468,480
1.469,481
1.47,483
1.471,484
1.472,485
1.473,486
1.474,487
1.475,488
1.476,488
1.477,489
1.478,489
1.479,489
1.48,490
1.481,492
1.482,492
1.483,494
1.484,494
1.485,495
1.486,495
1.487,495
1.488,495
1.489,496
1.49,496
1.491,496
1.492,497
1.493,497
1.494,498
1.495,499
1.496,499
1.497,499
1.498,499
1.499,499
